﻿<?xml version="1.0" encoding="utf-8" ?> 
<components>
	<component id="certsrv_cerver">
		<description>Certificate Services CA</description>
	</component>
	<component id="certsrv_client">
		<description>Certificate Services Web Enrollment Support</description>
	</component>
	<component id="cluster">
		<description>Cluster Services</description>
	</component>
	<component id="indexsrv_system">
		<description>Indexing Service</description>
	</component>
	<component id="iis_ftp">
		<description>FTP Publishing Service</description>
	</component>
	<component id="fp_extensions">
		<description>FrontPage 2000 Server Extensions</description>
	</component>
	<component id="iis_nntp">
		<description>NNTP Service</description>
	</component>
	<component id="iis_smtp">
		<description>Simple Mail Transport Protocol (SMTP)</description>
	</component>
	<component id="iis_www">
		<description>World Wide Web Publishing Service</description>
	</component>
	<component id="netcm">
		<description>Connection Manager Components</description>
	</component>
	<component id="netmontools">	
		<description>Network Monitor Tools</description>
	</component>
	<component id="snmp">
		<description>SNMP service</description>
	</component>
	<component id="msmq">
		<description>Message Queuing Services</description>
	</component>
	<component id="dns">
		<description>DNS Server</description>
	</component>
	<component id="dhcpserver">
		<description>DHCP Server</description>
	</component>
	<component id="ias">
		<description>Internet Authentication Service</description>
	</component>
	<component id="acs">
		<description>QoS Admission Control Service</description>
	</component>
	<component id="simptcp">
		<description>Simple TCP/IP Service</description>
	</component>
	<component id="ils">
		<description>Site Server Internet Location Service</description>
	</component>
	<component id="wins">
		<description>Wins Server</description>
	</component>
	<component id="reminst">
		<description>Remote Installation Services</description>
	</component>
	<component id="rstorage">
		<description>Remote Storage</description>
	</component>		
	<component id="iisdbg">
		<description>Script Debugger</description>
	</component>	
	<component id="tsenable">
		<description>Terminal Services</description>
	</component>	
	<component id="licenseserver">
		<description>Terminal Services Licensing</description>
	</component>	
	<component id="wms_server">
		<description>Windows Media Services</description>
	</component>	
	<component id="wms_admin">
		<description>Windows Media Services Admin</description>
	</component>					
</components>
